Designator,Mid X,Mid Y,Rotation,Layer
J2,73.684315,-53.484315,0.0,top
J4,73.684315,-68.834315,0.0,top
L10,103.984315,-67.334315,270.0,top
L11,119.184315,-52.334315,45.0,top
L12,119.084315,-67.334315,315.0,top
L7,88.984315,-52.434315,135.0,top
L8,88.984315,-67.334315,225.0,top
L9,103.984315,-52.434315,90.0,top
